Model,Recall_score,Precision,f1_score,Area_under_curve
Logistic Regression,0.7882797731568998,0.396011396011396,0.527180783817952,0.9001497372791375
KNN,0.7514177693761814,0.42197452229299365,0.540448674371176,0.8936656396149206
Decision Tree,0.8298676748582231,0.3068857042991961,0.4480734881347283,0.868720947712689
Naive Bayes,0.555765595463138,0.3917388407728181,0.45955451348182885,0.8369226089087171
