Model,Recall_score,Precision,f1_score,Area_under_curve
Logistic Regression,0.7930056710775047,0.39169000933706816,0.5243749999999999,0.8993402090166699
KNN,0.774102079395085,0.41807044410413474,0.54292343387471,0.8967449601272707
Decision Tree,0.8156899810964083,0.3415116739216462,0.48145048814504876,0.8686666753470886
Naive Bayes,0.5349716446124764,0.39691444600280507,0.45571658615136873,0.8427334806637682
