precision,recall,f1-score,support
0.970883209317373,0.751659361302442,0.8473212395002471,7985.0
0.3068857042991961,0.8298676748582231,0.4480734881347283,1058.0
0.760809465885215,0.760809465885215,0.760809465885215,0.760809465885215
0.6388844568082845,0.7907635180803325,0.6476973638174877,9043.0
0.8931977774574558,0.760809465885215,0.8006106212380864,9043.0
