,precision,recall,f1-score,support
0,0.9700736648250461,0.7916092673763306,0.8718019446934695,7985.0
1,0.3415116739216462,0.8156899810964083,0.48145048814504876,1058.0
accuracy,0.794426628331306,0.794426628331306,0.794426628331306,0.794426628331306
macro avg,0.6557926693733461,0.8036496242363695,0.6766262164192591,9043.0
weighted avg,0.89653406664128,0.794426628331306,0.8261321624278244,9043.0
