Model,Recall_score,Precision,f1_score,Area_under_curve
Decision Tree,0.8156899810964083,0.3415116739216462,0.48145048814504876,0.8686666753470886
