Model,Recall_score,Precision,f1_score,Area_under_curve
KNN,0.7514177693761814,0.42197452229299365,0.540448674371176,0.8936656396149206
