precision,recall,f1-score,support
0.9632630255622293,0.8636192861615529,0.9107237189646065,7985.0
0.42197452229299365,0.7514177693761814,0.540448674371176,1058.0
0.8504920933318589,0.8504920933318589,0.8504920933318589,0.8504920933318589
0.6926187739276115,0.8075185277688672,0.7255861966678913,9043.0
0.8999341262523928,0.8504920933318589,0.8674028080744318,9043.0
