Model,Recall_score,Precision,f1_score,Area_under_curve
KNN,0.774102079395085,0.41807044410413474,0.54292343387471,0.8967449601272707
