,precision,recall,f1-score,support
0,0.9662619988706945,0.8572323105823418,0.9084876235981153,7985.0
1,0.41807044410413474,0.774102079395085,0.54292343387471,1058.0
accuracy,0.8475063585093442,0.8475063585093442,0.8475063585093442,0.8475063585093442
macro avg,0.6921662214874147,0.8156671949887134,0.7257055287364127,9043.0
weighted avg,0.9021254661997866,0.8475063585093442,0.8657178665786126,9043.0
