precision,recall,f1-score,support
0.9677093844601413,0.8407013149655604,0.8997453424473932,7985.0
0.396011396011396,0.7882797731568998,0.527180783817952,1058.0
0.8345681742784474,0.8345681742784474,0.8345681742784474,0.8345681742784474
0.6818603902357687,0.8144905440612301,0.7134630631326726,9043.0
0.9008226796300217,0.8345681742784474,0.8561565662636103,9043.0
