precision,recall,f1-score,support
0.9682654687726416,0.8368190356919224,0.8977562810694613,7985.0
0.39169000933706816,0.7930056710775047,0.5243749999999999,1058.0
0.831693022227137,0.831693022227137,0.831693022227137,0.831693022227137
0.6799777390548549,0.8149123533847136,0.7110656405347306,9043.0
0.900808116557355,0.831693022227137,0.8540719511599744,9043.0
