Model,Recall_score,Precision,f1_score,Area_under_curve
Logistic Regression,0.7930056710775047,0.39169000933706816,0.5243749999999999,0.8993402090166699
