precision,recall,f1-score,support
0.937682312383983,0.8856606136505949,0.9109293488761513,7985.0
0.3917388407728181,0.555765595463138,0.45955451348182885,1058.0
0.8470640274245272,0.8470640274245272,0.8470640274245272,0.8470640274245272
0.6647105765784006,0.7207131045568664,0.6852419311789901,9043.0
0.8738087977356791,0.8470640274245272,0.8581200404777002,9043.0
