,precision,recall,f1-score,support
0,0.935407640803466,0.8922980588603632,0.9133444430201257,7985.0
1,0.39691444600280507,0.5349716446124764,0.45571658615136873,1058.0
accuracy,0.8504920933318589,0.8504920933318589,0.8504920933318589,0.8504920933318589
macro avg,0.6661610434031355,0.7136348517364197,0.6845305145857472,9043.0
weighted avg,0.872405783001951,0.8504920933318589,0.8598035525449356,9043.0
