Model,Recall_score,Precision,f1_score,Area_under_curve
Naive Bayes,0.5349716446124764,0.39691444600280507,0.45571658615136873,0.8427334806637682
