Model,Recall_score,Precision,f1_score,Area_under_curve
Naive Bayes,0.555765595463138,0.3917388407728181,0.45955451348182885,0.8369226089087171
